<?xml version="1.0" encoding="UTF-8"?>
<!DOCTYPE mapper PUBLIC "-//mybatis.org//DTD Mapper 3.0//EN" "http://mybatis.org/dtd/mybatis-3-mapper.dtd">
<mapper namespace="cn.lovehao.dao.ArticlePhotoMapper">
  <resultMap id="BaseResultMap" type="cn.lovehao.entity.ArticlePhoto">
    <id column="id" jdbcType="INTEGER" property="id" />
    <result column="flag" jdbcType="VARCHAR" property="flag" />
    <result column="url" jdbcType="VARCHAR" property="url" />
    <result column="real_path" jdbcType="VARCHAR" property="realPath" />
    <result column="create_user" jdbcType="VARCHAR" property="createUser" />
    <result column="create_time" jdbcType="TIMESTAMP" property="createTime" />
    <result column="update_user" jdbcType="VARCHAR" property="updateUser" />
    <result column="update_time" jdbcType="TIMESTAMP" property="updateTime" />
    <result column="article_id" jdbcType="INTEGER" property="articleId" />
    <result column="type" jdbcType="VARCHAR" property="type" />
  </resultMap>
  <sql id="Base_Column_List">
    id, flag, url, real_path, create_user, create_time, update_user, update_time, article_id, 
    type
  </sql>
  <select id="selectByPrimaryKey" parameterType="java.lang.Integer" resultMap="BaseResultMap">
    select 
    <include refid="Base_Column_List" />
    from article_photo
    where id = #{id,jdbcType=INTEGER}
  </select>
  <delete id="deleteByPrimaryKey" parameterType="java.lang.Integer">
    delete from article_photo
    where id = #{id,jdbcType=INTEGER}
  </delete>
  <insert id="insert" parameterType="cn.lovehao.entity.ArticlePhoto">
    insert into article_photo (id, flag, url, 
      real_path, create_user, create_time, 
      update_user, update_time, article_id, 
      type)
    values (#{id,jdbcType=INTEGER}, #{flag,jdbcType=VARCHAR}, #{url,jdbcType=VARCHAR}, 
      #{realPath,jdbcType=VARCHAR}, #{createUser,jdbcType=VARCHAR}, #{createTime,jdbcType=TIMESTAMP}, 
      #{updateUser,jdbcType=VARCHAR}, #{updateTime,jdbcType=TIMESTAMP}, #{articleId,jdbcType=INTEGER}, 
      #{type,jdbcType=VARCHAR})
  </insert>
  <insert id="insertSelective" parameterType="cn.lovehao.entity.ArticlePhoto">
    insert into article_photo
    <trim prefix="(" suffix=")" suffixOverrides=",">
      <if test="id != null">
        id,
      </if>
      <if test="flag != null">
        flag,
      </if>
      <if test="url != null">
        url,
      </if>
      <if test="realPath != null">
        real_path,
      </if>
      <if test="createUser != null">
        create_user,
      </if>
      <if test="createTime != null">
        create_time,
      </if>
      <if test="updateUser != null">
        update_user,
      </if>
      <if test="updateTime != null">
        update_time,
      </if>
      <if test="articleId != null">
        article_id,
      </if>
      <if test="type != null">
        type,
      </if>
    </trim>
    <trim prefix="values (" suffix=")" suffixOverrides=",">
      <if test="id != null">
        #{id,jdbcType=INTEGER},
      </if>
      <if test="flag != null">
        #{flag,jdbcType=VARCHAR},
      </if>
      <if test="url != null">
        #{url,jdbcType=VARCHAR},
      </if>
      <if test="realPath != null">
        #{realPath,jdbcType=VARCHAR},
      </if>
      <if test="createUser != null">
        #{createUser,jdbcType=VARCHAR},
      </if>
      <if test="createTime != null">
        #{createTime,jdbcType=TIMESTAMP},
      </if>
      <if test="updateUser != null">
        #{updateUser,jdbcType=VARCHAR},
      </if>
      <if test="updateTime != null">
        #{updateTime,jdbcType=TIMESTAMP},
      </if>
      <if test="articleId != null">
        #{articleId,jdbcType=INTEGER},
      </if>
      <if test="type != null">
        #{type,jdbcType=VARCHAR},
      </if>
    </trim>
  </insert>
  <update id="updateByPrimaryKeySelective" parameterType="cn.lovehao.entity.ArticlePhoto">
    update article_photo
    <set>
      <if test="flag != null">
        flag = #{flag,jdbcType=VARCHAR},
      </if>
      <if test="url != null">
        url = #{url,jdbcType=VARCHAR},
      </if>
      <if test="realPath != null">
        real_path = #{realPath,jdbcType=VARCHAR},
      </if>
      <if test="createUser != null">
        create_user = #{createUser,jdbcType=VARCHAR},
      </if>
      <if test="createTime != null">
        create_time = #{createTime,jdbcType=TIMESTAMP},
      </if>
      <if test="updateUser != null">
        update_user = #{updateUser,jdbcType=VARCHAR},
      </if>
      <if test="updateTime != null">
        update_time = #{updateTime,jdbcType=TIMESTAMP},
      </if>
      <if test="articleId != null">
        article_id = #{articleId,jdbcType=INTEGER},
      </if>
      <if test="type != null">
        type = #{type,jdbcType=VARCHAR},
      </if>
    </set>
    where id = #{id,jdbcType=INTEGER}
  </update>
  <update id="updateByPrimaryKey" parameterType="cn.lovehao.entity.ArticlePhoto">
    update article_photo
    set flag = #{flag,jdbcType=VARCHAR},
      url = #{url,jdbcType=VARCHAR},
      real_path = #{realPath,jdbcType=VARCHAR},
      create_user = #{createUser,jdbcType=VARCHAR},
      create_time = #{createTime,jdbcType=TIMESTAMP},
      update_user = #{updateUser,jdbcType=VARCHAR},
      update_time = #{updateTime,jdbcType=TIMESTAMP},
      article_id = #{articleId,jdbcType=INTEGER},
      type = #{type,jdbcType=VARCHAR}
    where id = #{id,jdbcType=INTEGER}
  </update>
</mapper>